First Name,Last Name,Age,Email
Joseph,Bowen,47,vkline@hotmail.com
Angela,Zimmerman,29,tracy45@yahoo.com
Michelle,Williams,35,courtney71@martin-james.com
Wesley,Barnes,43,crystal63@mcdaniel-reynolds.com
Kyle,Stone,37,iking@perez.org
David,Silva,34,yjoyce@cobb.com
David,Gilbert,62,austinscott@miller.com
Rebecca,Lee,50,wolfjudy@brown.com
Sarah,Miller,46,dariuspayne@yahoo.com
Michael,Martinez,61,debbiesmith@gmail.com
Jeremy,Mcbride,62,qnelson@yahoo.com
Paul,Nolan,47,jeffgibson@williamson.biz
Kathy,Hayes,20,cookamber@hotmail.com
Calvin,Gross,45,fieldscarlos@yahoo.com
Christina,Bass,54,kwilliams@santos.biz
Patricia,Watkins,59,bradfordmisty@kelley.com
Kristine,Maynard,25,tcollins@hotmail.com
David,Hahn,61,fthompson@gmail.com
Nichole,Hays,24,jennajones@hotmail.com
Rickey,Brock,20,maria46@horton-wilson.com
Kendra,Harper,55,jlove@ortiz.info
William,Perez,43,philipgriffin@snyder.net
Cristina,Lyons,50,kjordan@reed.com
David,Sherman,19,rmoreno@liu.net
Brian,James,19,ibarraalyssa@howe-bradley.com
Ernest,Marquez,49,josephparker@gmail.com
William,Castillo,19,anthonyrosales@williams-beasley.net
Kristina,Perez,56,michael29@hotmail.com
Christian,Thompson,27,wardjohn@gmail.com
Denise,Nicholson,26,kerry67@perkins.com
Nicole,Shea,30,jacobsmith@walker.biz
Patrick,Robles,42,james05@gmail.com
Ashley,Ochoa,26,pricejessica@robinson.com
Abigail,Gutierrez,64,carolyn99@hotmail.com
Paula,Stevens,44,powellwesley@hayes-miller.info
Laura,Miller,34,zwarner@henderson.com
Jacqueline,Salazar,19,hannahgarza@marshall.com
Danny,Banks,55,melissaduncan@hotmail.com
Joe,Lewis,25,xgomez@yahoo.com
Corey,Bradley,38,jason07@gmail.com
David,Moore,28,annetteshaw@dalton.com
Dana,Cooley,62,clairedennis@yahoo.com
Sheri,Clark,45,richard98@miller-scott.com
Jasmine,Hughes,35,andrea24@myers-green.com
Matthew,Murillo,30,shanemartin@yahoo.com
Gloria,Frye,42,dominiquefrey@tucker.info
Renee,Torres,55,butlermaurice@koch-beasley.com
Lauren,Maldonado,50,reedcatherine@davis.com
Walter,Rogers,19,watersjacob@carroll-good.com
Jennifer,Walker,40,alleneric@hotmail.com
